{"cameraMode":{"drawMode":0,"name":"Shaded","section":"Shading Mode"},"sceneLighting":false,"audioPlay":false,"sceneViewState":{"showFog":true,"showMaterialUpdate":false,"showSkybox":false,"showFlares":true,"showImageEffects":true,"showParticleSystems":true},"in2DMode":false,"pivot":{"x":3.6969122886657717,"y":-1.8488378524780274,"z":2.288242816925049},"rotation":{"x":0.35624462366104128,"y":0.4497382938861847,"z":-0.2017907202243805,"w":0.7938330173492432},"size":18.939104080200197,"orthographic":false}